<controls>
    <SliderInt_MaxLeafes>
        <name>MaxLeafes</name>
        <value>993</value>
    </SliderInt_MaxLeafes>
    <SliderFloat_Radius>
        <name>Radius</name>
        <value>75.000000000</value>
    </SliderFloat_Radius>
    <SliderFloat_RepulseStrength>
        <name>RepulseStrength</name>
        <value>0.015000000</value>
    </SliderFloat_RepulseStrength>
    <SliderFloat_RepulseMaxDist>
        <name>RepulseMaxDist</name>
        <value>40.000000000</value>
    </SliderFloat_RepulseMaxDist>
</controls>
