<controls>
    <SliderFloat_FishBoundRadius>
        <name>FishBoundRadius</name>
        <value>200.000000000</value>
    </SliderFloat_FishBoundRadius>
    <SliderFloat_FishAlphaSmooth>
        <name>FishAlphaSmooth</name>
        <value>0.490000010</value>
    </SliderFloat_FishAlphaSmooth>
    <SliderInt_MaxFishes>
        <name>MaxFishes</name>
        <value>215</value>
    </SliderInt_MaxFishes>
    <SliderInt_MaxPredators>
        <name>MaxPredators</name>
        <value>2</value>
    </SliderInt_MaxPredators>
    <SliderFloat_ZoneRadius>
        <name>ZoneRadius</name>
        <value>100.000000000</value>
    </SliderFloat_ZoneRadius>
    <SliderFloat_LowTresh>
        <name>LowTresh</name>
        <value>0.610000014</value>
    </SliderFloat_LowTresh>
    <SliderFloat_HighTresh>
        <name>HighTresh</name>
        <value>0.805000007</value>
    </SliderFloat_HighTresh>
    <SliderFloat_AttractStrength>
        <name>AttractStrength</name>
        <value>0.002500000</value>
    </SliderFloat_AttractStrength>
    <SliderFloat_RepulseStrength>
        <name>RepulseStrength</name>
        <value>0.487500012</value>
        <name>RepulseStrength</name>
        <value>0.487500012</value>
    </SliderFloat_RepulseStrength>
    <SliderFloat_AlignStrength>
        <name>AlignStrength</name>
        <value>0.010000000</value>
    </SliderFloat_AlignStrength>
    <Toggle_PullToCenter>
        <name>PullToCenter</name>
        <value>1</value>
    </Toggle_PullToCenter>
    <Toggle_BoundToCircle>
        <name>BoundToCircle</name>
        <value>0</value>
    </Toggle_BoundToCircle>
    <SliderFloat_ScalePerlin>
        <name>ScalePerlin</name>
        <value>0.185000002</value>
    </SliderFloat_ScalePerlin>
    <SliderFloat_MulPerlin>
        <name>MulPerlin</name>
        <value>0.055000000</value>
    </SliderFloat_MulPerlin>
    <SliderFloat_Radius>
        <name>Radius</name>
        <value>90.000000000</value>
    </SliderFloat_Radius>
    <SliderInt_TailLength>
        <name>TailLength</name>
        <value>0</value>
    </SliderInt_TailLength>
    <SliderFloat_SmoothFactor>
        <name>SmoothFactor</name>
        <value>0.500000298</value>
    </SliderFloat_SmoothFactor>
    <SliderFloat_DecayFactor>
        <name>DecayFactor</name>
        <value>0.980000138</value>
    </SliderFloat_DecayFactor>
    <SliderFloat_MinSpeed>
        <name>MinSpeed</name>
        <value>2.299999952</value>
    </SliderFloat_MinSpeed>
    <SliderFloat_MaxSpeed>
        <name>MaxSpeed</name>
        <value>33.750000000</value>
    </SliderFloat_MaxSpeed>
    <SliderFloat_MaxDistToCenter>
        <name>MaxDistToCenter</name>
        <value>233.999984741</value>
    </SliderFloat_MaxDistToCenter>
    <SliderFloat_PullStrengthToCenter>
        <name>PullStrengthToCenter</name>
        <value>0.039500002</value>
    </SliderFloat_PullStrengthToCenter>
    <SliderFloat_RepulseStrength></SliderFloat_RepulseStrength>
    <SliderFloat_RepulseMaxDist>
        <name>RepulseMaxDist</name>
        <value>199.600006104</value>
    </SliderFloat_RepulseMaxDist>
    <SliderInt_MaxFeathersF>
        <name>MaxFeathersF</name>
        <value>327</value>
    </SliderInt_MaxFeathersF>
    <SliderFloat_RadiusF>
        <name>RadiusF</name>
        <value>230.000000000</value>
    </SliderFloat_RadiusF>
    <SliderFloat_RepulseStrengthF>
        <name>RepulseStrengthF</name>
        <value>0.045000002</value>
    </SliderFloat_RepulseStrengthF>
    <SliderFloat_AttractStrengthF>
        <name>AttractStrengthF</name>
        <value>0.200000003</value>
    </SliderFloat_AttractStrengthF>
    <SliderFloat_VelocityF>
        <name>VelocityF</name>
        <value>0.015000000</value>
    </SliderFloat_VelocityF>
    <SliderFloat_MinPosEffectF>
        <name>MinPosEffectF</name>
        <value>0.610000014</value>
    </SliderFloat_MinPosEffectF>
</controls>
