<controls>
    <SliderFloat_SmoothPos>
        <name>SmoothPos</name>
        <value>0.959999979</value>
    </SliderFloat_SmoothPos>
    <SliderFloat_PosIn>
        <name>PosIn</name>
        <value>0.224999994</value>
    </SliderFloat_PosIn>
    <SliderFloat_PosOut>
        <name>PosOut</name>
        <value>0.779999971</value>
    </SliderFloat_PosOut>
    <SliderFloat_SizeInOut>
        <name>SizeInOut</name>
        <value>0.234999999</value>
    </SliderFloat_SizeInOut>
    <SliderFloat_RadiusInOut>
        <name>RadiusInOut</name>
        <value>0.550000012</value>
    </SliderFloat_RadiusInOut>
    <SliderFloat_FadeDuration>
        <name>FadeDuration</name>
        <value>1.000000000</value>
    </SliderFloat_FadeDuration>
    <SliderFloat_RotXMaxAmplitude>
        <name>RotXMaxAmplitude</name>
        <value>10.350000381</value>
    </SliderFloat_RotXMaxAmplitude>
    <SliderFloat_RotXMaxSpeed>
        <name>RotXMaxSpeed</name>
        <value>9.300000191</value>
    </SliderFloat_RotXMaxSpeed>
    <SliderFloat_RotYMaxAmplitude>
        <name>RotYMaxAmplitude</name>
        <value>20.700000763</value>
    </SliderFloat_RotYMaxAmplitude>
    <SliderFloat_RotYMaxSpeed>
        <name>RotYMaxSpeed</name>
        <value>9.350000381</value>
    </SliderFloat_RotYMaxSpeed>
    <SliderFloat_ZoomZMaxAmplitude>
        <name>ZoomZMaxAmplitude</name>
        <value>398.000000000</value>
    </SliderFloat_ZoomZMaxAmplitude>
    <SliderFloat_ZoomZMaxSpeed>
        <name>ZoomZMaxSpeed</name>
        <value>4.799999714</value>
    </SliderFloat_ZoomZMaxSpeed>
    <SliderFloat_Damping>
        <name>Damping</name>
        <value>0.990000010</value>
    </SliderFloat_Damping>
    <SliderFloat_Size>
        <name>Size</name>
        <value>98.500000000</value>
    </SliderFloat_Size>
    <SliderFloat_Velocity>
        <name>Velocity</name>
        <value>0.015000000</value>
    </SliderFloat_Velocity>
</controls>
